Feature,Coefficient,Weight
youtube_views_count,1488445.4084833032,0.48184108763263683
web_search_count,1424824.0695642799,0.46124552197287644
article_count,-175809.98546657246,-0.056913390394486625
