Feature,Importance
web_search_count,0.5854444869678751
article_count,0.32639015039895375
youtube_likes,0.03385398412957075
youtube_comments,0.03227094201928238
youtube_views,0.02204043648431792
